ID,Species,Extraction,Preparation,species_Extraction_Preparation,Class,ID (samples as rows),zymosterol,xylose,xylonic acid,valine,urea,tyrosine,tyramine,tryptophan,trehalose,"trans-3,5-dimethoxy-4-hydroxycinnamaldehyde",tocopherol beta NIST,tocopherol alpha,threonine,threonic acid,threitol,tagatose,sulfuric acid,sucrose,succinic acid,succinate semialdehyde,suberyl glycine,stigmasterol,stearic acid,squalene,spermidine,sorbitol,sophorose,shikimic acid,serine,ribose,ribonic acid,ribitol,raffinose,quinic acid,pyrophosphate,"pyrazine 2,5-dihydroxy  NIST",putrescine,"propane-1,3-diol NIST",phytol,phosphoric acid,phenylethylamine,phenylethanol NIST ,phenylalanine,pentitol,pelargonic acid,pantothenic acid,palmitic acid,oxoproline,oxalic acid,oleic acid,N-methylalanine,nicotianamine,N-acetylmannosamine,N-acetyl-D-hexosamine,myristic acid,mucic acid,methionine,methanolphosphate,melibiose,melezitose,mannonic acid NIST,mannitol,maltotriose,maltose,malonic acid,malic acid,maleimide,maleic acid,lyxose,lysine,linolenic acid,linoleic acid,levoglucosan,leucine,lauric acid,lanosterol,lactic acid,isothreonic acid,isoleucine,isocitric acid,isochlorogenic acid,myo-inositol ,idonic acid NIST,hydroxylamine,homoserine,2-deoxyhexose ,glycolic acid,glycine,glycerol-alpha-phosphate,glycerol-3-galactoside,glycerol,glycero-guloheptose NIST,glyceric acid,glutamine,glutamic acid,glucose-6-phosphate,glucose-1-phosphate,glucose,gluconic acid lactone,glucoheptulose,galacturonic acid,galactose-6-phosphate,galactonic acid,galactinol,GABA,fumaric acid,fucose + rhamnose,fructose-6-phosphate,fructose,ferulic acid,FAD,ethanolamine,erythronic acid lactone,erythritol,dehydroascorbic acid,cysteine-glycine,cysteine,cystathionine,conduritol beta expoxide,citrulline,citric acid,cis-caffeic acid,cholesterol,chlorogenic acid,cellobiotol,capric acid,caffeic acid,butyrolactam NIST,beta-sitosterol,beta-gentiobiose,beta-alanine,benzylalcohol,benzoic acid,aspartic acid,asparagine,ascorbic acid,arabitol,arabinose,alpha ketoglutaric acid,alanine,aconitic acid,6-deoxyglucitol NIST,4-hydroxycinnamic acid,3-hydroxypropionic acid,2-ketoglucose dimethylacetal NIST,1-monostearin,1-monopalmitin,"1,2-anhydro-myo-inositol NIST",215062,940565,940566,211896,352777,296119,236870,211891,924293,712789,924166,202834,940545,233017,204157,199338,446633,207750,214680,940567,374786,236013,214528,310489,940546,374912,202841,310240,940625,202579,940547,211895,199433,199203,231058,231576,200844  carbohydrate,199464,202088,202095,940549,703265,940568,202293,940548,328506,618185,202856,218829,466968,504547,225393,211991,228915,200457,241947,940576,326867 carbohydrate,446955,218447,438061,208656,338773,199204,212273,703116,204167,205680,208812,200490,213182,329576,352812,223121,231207,940551,237562,460930,223120,940550,200420,940563,275608,323686,211965,218730,288368,408731,299427,940552,940553,199220,208845 carbohydrate,203235,537786,506930,237603,202737,212022,919246,231210 disaccharide
1,pumpkin,100% MeOH , fresh frozen,pumpkin_100% MeOH _ fresh frozen,1,P13,88,4571,693,15379,850,3729,7519,12667,40574,81,259,11769,6729,49951,723,625,57,396295,3634,225,364,448,20689,506,167,1483,1415,17967,42283,480,531,642,216605,57,459,89,858,2452,33990,1349,103,30,2805,2135,3628,1498,9156,68626,2999,1310,986,544,13404,8212,1900,52,1164,2363,830,830,144,5237,521,32945,956,26158,205,711443,352,303,43705,875,493,4843,57633,1035,1989,3712,9813,3048,214,161495,210,401,2038,910,585,5680,3783,82901,21987,2705,162358,7250,192235,595,2524,17678,175,1007,66,140,348,717988,102673,101638,7825,454,35783,335,222,77538,18056,93,1504,71,3631,2195,15,73,71669,405,26116,292,847,4849,6048,2254,1433,70,140,481,1409,75327,1841,39,197,2498,2450,95004,2118,973,875,1014,5458,2306,5279,2039,12332,562,245,69387,2530,120,85,4696,12672,6462,6718,34962,39046,1129,42071,5579,11141,173,7549,104,5456,68475,9349,24372,39846,16500,725,256,5415,21368,105098,22752,1330,21437,131,798,4259,8688,3584,19583,23967,3318,1184,969,16113,388,203,2568,166,2979,13966,22688,5841,809,5958,491,448,3228,9490,14045,13688,2965,1674,28305,26417,1703,10791,3417,10428,3178,13197,2471,2843,1536,10877,11710,10167,6061,3844,8476,7861,2272,15714,17836,1330,4009,8220,10067,1330,6804,6497,19379,1222,45,15366,1751,2640,2564,86,11212,268
2,pumpkin,100% MeOH , fresh frozen,pumpkin_100% MeOH _ fresh frozen,1,P14,96,4260,1114,15556,1152,4536,7110,22280,34680,101,194,9320,3667,53427,962,767,60,376880,3655,244,434,301,27059,494,60,1472,779,16815,34715,212,605,5291,116303,105,622,41,839,2901,36428,1901,167,89,2565,2269,5316,1317,9916,66059,4822,1226,1051,836,16909,9336,1896,74,1075,2614,719,384,96,4027,469,41926,931,73875,179,771189,375,331,47002,1169,565,4935,47889,1169,2661,4830,9762,3511,201,167970,146,409,2222,967,542,6230,3924,93896,25116,3064,241376,10783,209328,776,1994,8450,130,994,65,250,170,618817,71645,95808,2729,534,30042,360,309,73498,15996,75,1905,42,6646,3764,31,59,85905,355,29146,276,2810,4486,6120,1867,1204,70,71,462,1670,91681,1991,114,135,3470,2710,89846,2095,1687,647,1405,3400,2630,5532,917,13163,367,239,62297,2955,159,67,4927,13988,4026,7238,32508,43719,1235,46354,9241,17095,132,7403,159,3756,93306,9768,21725,101025,23751,1316,162,4302,16372,183821,24788,897,19178,109,257,1596,13601,2752,17703,55285,2479,1099,1866,17978,532,247,2415,206,997,12967,25381,5582,676,5986,15313,275,3166,11038,13072,16969,3062,1857,24440,25208,1251,12208,4779,10037,3377,14193,2636,3481,1526,11587,25936,9412,8591,4680,10280,9315,5780,22705,16699,1186,4490,6368,11727,1186,22814,8118,17143,1912,32,1661,501,2805,2675,47,12103,84
3,pumpkin,100% MeOH , fresh frozen,pumpkin_100% MeOH _ fresh frozen,1,P15,52,4501,646,16627,1379,3160,8103,2497,44333,114,207,12665,7233,69585,789,763,39,320569,4161,243,227,214,25661,623,223,1562,1252,14584,39528,357,584,3124,212278,134,413,77,751,2467,30766,2357,114,87,3208,1889,3974,1153,10441,55611,5528,736,926,482,13102,8200,2009,17,1435,1279,391,712,106,5567,507,27604,894,71837,203,743359,864,318,51326,267,538,5130,51776,1043,2003,4134,10737,2678,103,161833,186,315,1109,886,724,7473,3703,74889,19758,2445,204460,5924,208676,342,3732,16249,128,940,23,94,340,617560,119971,88302,2417,302,93805,344,295,76485,19951,73,1703,24,376,542,28,192,69030,461,29004,186,498,4457,5759,2660,401,203,110,193,1267,79041,1682,214,136,889,2351,100893,2262,997,869,1068,6877,113,613,1140,10855,270,193,82757,549,118,225,6286,9999,5136,6512,32282,43864,1080,57461,5104,13634,336,6232,80,10586,22394,5980,23309,13362,17837,3169,194,5547,12867,22554,24240,1572,23505,1530,373,3214,2555,3418,37503,10829,3714,1192,2106,15034,407,184,2259,218,848,12173,67,5293,660,4974,303,890,3085,8342,12278,12982,2377,577,19728,33803,1839,9301,5191,9541,3236,18595,2357,3066,1214,9155,5517,9863,6864,3631,8228,8542,1129,5695,14433,1204,3765,7763,140,1204,4323,8540,13185,1130,102,5438,1005,456,1213,31,9155,145
4,pumpkin,100% MeOH , fresh frozen,pumpkin_100% MeOH _ fresh frozen,1,P16,59,4524,810,15180,1383,3565,5575,2788,36837,97,189,13897,7387,85831,1528,693,23,327768,3102,281,299,217,22459,516,53,1937,1258,14766,40099,42,706,594,220979,92,276,66,434,2265,33424,1503,80,28,2354,1835,4135,1443,10008,52267,4133,652,742,707,15546,9730,1583,24,1389,1483,774,722,134,8063,452,31960,1377,101199,296,610253,466,266,68703,251,431,4536,42974,1149,1633,4552,9401,2281,181,167787,94,285,815,808,744,7805,3501,82363,23197,3008,239033,7855,195573,339,2164,45419,279,1137,96,53,409,541408,216544,69870,6970,261,142928,325,294,55517,9442,108,6568,29,10559,529,20,277,54518,404,30468,139,775,4184,6747,4325,702,102,27,127,1390,73145,1764,103,139,1155,1830,90446,1430,1058,814,965,462,81,573,4965,12352,549,217,33171,507,251,99,5713,11779,8676,6980,32330,45636,1108,23327,7188,10086,163,6012,144,34022,19536,7098,25321,18609,20515,1322,198,4274,8902,19079,25913,1593,20668,109,628,3880,2484,3059,36896,11820,3051,962,1795,18128,931,339,2309,174,384,12683,18,5510,566,5735,360,1063,3082,13969,12678,12740,2720,2362,29307,12222,1566,12058,5893,9056,2914,7342,2706,3428,1362,10607,6295,9547,10118,4638,9943,8902,986,4430,14570,1079,3981,7226,84,1079,4693,9645,21430,1050,35,1536,1242,292,1005,55,8298,186
5,pumpkin,100% MeOH , fresh frozen,pumpkin_100% MeOH _ fresh frozen,1,P17,95,3688,1162,18938,1324,3889,7559,3087,57382,121,270,19656,10874,91621,938,728,37,353047,2911,241,322,433,23042,608,167,1741,863,14246,73108,361,711,3813,237711,224,547,92,695,2165,36048,2811,125,46,2583,2160,3970,408,9878,72807,6943,770,804,992,11433,8003,1982,32,1968,1533,507,953,143,3945,847,38255,2236,143416,242,217902,519,469,76150,352,718,5508,47079,1319,3698,4573,12896,2580,145,203268,140,369,1206,1029,863,8113,5120,102076,26228,3618,163911,11576,263382,492,3022,10561,140,1356,109,173,606,825769,114054,47756,2621,436,57509,366,309,78901,18506,114,3169,47,535,977,36,159,71176,299,55999,486,1780,4613,4753,1882,368,81,139,257,1850,99211,2963,226,143,1810,3113,86013,1702,1203,667,1090,6107,257,1034,888,16825,1963,1416,61027,1062,612,379,9395,13193,10894,9324,42357,91633,1713,65788,11204,20003,511,6611,185,9303,35609,9030,30869,41314,21673,4732,493,7135,2222,33124,29377,899,35651,384,1001,3417,3835,5137,41359,18616,5442,2108,2865,34612,491,282,3113,199,1019,14215,130,7104,1182,6276,941,811,4277,16285,13969,11539,3279,847,15955,34236,3227,12874,11259,10966,4258,20816,3391,2703,1849,13008,8231,13139,11139,3785,9805,10511,1833,3884,14104,1797,4175,11622,164,1797,7268,11741,12527,1827,191,2194,1733,761,1466,46,6832,133
6,pumpkin,100% MeOH , fresh frozen,pumpkin_100% MeOH _ fresh frozen,1,P18,82,4121,1199,16851,2238,3661,7892,2443,50386,119,180,12023,10843,70723,882,702,50,424471,3214,299,193,335,25656,809,85,2316,1496,14473,58122,509,904,3789,213556,62,517,90,646,2583,39443,1443,133,45,2451,2148,3885,1701,11242,80152,5646,926,907,981,13256,8360,2146,122,1505,1614,673,595,159,7596,576,32763,1105,108503,177,504935,317,383,63557,286,606,5296,61926,1214,1968,4435,12000,2693,234,182344,225,329,1219,987,691,8571,4906,96776,25486,2925,149593,8419,248114,494,2557,17192,158,1180,32,141,207,652596,90863,77789,2747,406,83565,413,363,70120,17677,128,3105,116,5579,748,20,202,53945,382,29541,238,1535,5191,5683,2457,741,67,149,283,1570,89343,2344,101,167,856,3329,76986,2123,894,975,900,7114,339,1145,1782,14261,307,265,70383,630,189,146,8340,14524,6624,8133,40534,44325,1540,67396,9054,20763,175,6619,162,4665,25557,6598,26773,28786,23051,4259,205,6164,9650,29566,26525,1065,22583,124,952,2382,3148,4309,32749,13742,4055,1494,2293,17451,424,189,2562,249,580,14082,573,6706,868,6327,576,409,3387,14184,13864,15026,3303,1175,21075,35195,2045,12856,7970,11390,4180,21770,2574,2835,1726,12184,6680,13002,12320,4470,9130,11051,1781,10216,14428,1359,4132,10032,234,1359,5881,10280,15511,1307,46,1795,1439,739,1911,80,13878,138
7,pumpkin,ACN:IPA:H2O (3:3:2) , fresh frozen,pumpkin_ACN:IPA:H2O (3:3:2) _ fresh frozen,2,P01,41,5243,1954,22837,2688,7386,13107,2664,81293,121,579,14216,8439,81197,1861,3136,19,307673,4892,267,799,334,18085,527,458,13230,1250,15266,122024,766,1700,7755,408259,923,1209,475,3801,1832,33899,2233,137,59,3661,2620,3016,2957,7578,108464,5240,707,794,1426,13362,8548,1510,232,1229,48,1029,1067,523,25999,877,24752,2219,144951,372,553015,567,1453,38076,225,788,8099,45238,1182,1826,9235,14009,5642,520,237490,603,331,1055,1042,863,13341,5422,32290,22448,2933,467469,18225,349394,1554,3757,20839,151,1027,320,304,831,927843,143491,63125,3335,1168,133640,875,575,90860,23552,3282,4735,115,694,970,183,357,72482,1021,26294,1632,1280,4107,14775,1972,2289,2894,387,148,1414,151820,4772,165,511,1965,3215,107776,4703,1325,1335,1183,2088,180,532,2650,13379,267,170,43917,639,353,279,6118,115775,13756,90701,32522,38832,2940,77492,25917,19606,1526,7738,131,8851,28942,9802,29110,23422,46187,3393,350,32092,9476,34060,32145,650,35460,743,1006,7325,3455,24456,14938,20038,25964,1909,1061,15177,376,281,1849,144,796,24376,221,6399,867,5406,1024,879,3874,9438,24337,9897,16064,890,968,9717,17269,11343,24899,10403,5149,25767,2768,2870,1760,11183,9111,9885,10607,4814,6947,13812,10557,5187,15108,1525,3595,10986,190,1525,6551,7349,1154,2003,44,2027,1749,301,1225,40,6399,448
8,pumpkin,ACN:IPA:H2O (3:3:2) , fresh frozen,pumpkin_ACN:IPA:H2O (3:3:2) _ fresh frozen,2,P02,100,7002,1708,19660,2661,4536,10874,2480,53279,176,578,14245,7812,78426,915,696,73,217943,5970,281,601,275,30858,333,461,2557,1121,23018,75610,781,1326,9185,436361,229,1563,572,3166,2262,34274,2807,177,58,3376,2949,2236,2728,9270,116694,5029,807,621,2283,21089,12525,1683,177,1016,25,822,1132,434,8148,741,21935,1793,70328,406,921470,674,1192,33004,267,1010,6193,47939,1251,2466,8177,12675,5553,389,226627,712,292,1305,1109,768,12509,5444,33278,22152,5011,309711,13512,345657,1315,4266,32346,346,1811,209,274,803,922435,93358,122016,11448,995,161401,1117,333,91289,22204,103,3502,110,557,1071,18,258,83590,1198,37611,1773,1429,3288,15368,1859,1617,155,277,176,1032,132734,3850,111,90,1410,3053,87062,5476,1362,1417,1144,3494,95,638,3457,17998,668,365,70444,770,363,153,5098,119696,8328,98668,45081,59460,462,66862,23355,16995,1512,8557,141,13241,35128,11380,33123,33407,48190,3341,371,36854,26224,33214,32028,796,25557,943,1012,5087,3857,24637,20472,25386,30730,1792,1238,26142,627,209,4114,241,2236,23488,95,7453,1052,7119,11624,438,4192,10517,23675,13016,17660,1185,1311,12947,18671,12789,9385,12643,4514,22018,3571,4516,2257,13046,12269,11491,10100,5522,11131,13545,12137,15427,22875,1476,4030,10251,94,1476,8578,9638,865,1536,48,28122,950,453,1252,46,7797,348
9,pumpkin,ACN:IPA:H2O (3:3:2) , fresh frozen,pumpkin_ACN:IPA:H2O (3:3:2) _ fresh frozen,2,P03,110,4359,2429,20091,1557,4978,15018,1951,59334,148,600,13510,9450,78715,1064,760,28,208951,5560,102,895,456,29651,505,397,2787,1348,19182,79882,404,1471,12869,457469,122,1721,445,2925,2137,40476,2647,142,74,3514,2682,5550,2873,8815,120358,7593,1390,830,1783,13155,8260,1822,207,1144,20,1532,1227,525,7722,739,25470,1779,109119,352,779459,452,948,44091,768,732,6522,55628,1606,2326,9123,12627,5385,540,227301,588,317,855,586,650,13515,7727,34701,24913,3580,339312,14938,361582,1923,3963,14752,193,1271,221,419,825,977609,100019,115570,3039,1455,97331,988,408,86707,21820,128,3137,124,588,875,49,303,88143,1099,38946,1961,1388,4391,15667,2048,935,139,303,343,1191,157226,3473,240,157,1910,4036,88267,5111,1346,1567,1423,2758,2101,4665,1802,15598,536,325,52834,2610,236,97,5649,142131,10653,107068,35507,62608,1728,77373,29564,13539,1164,9013,188,6110,35239,10824,31413,37828,47700,3398,323,38886,22160,29014,32803,581,31570,682,898,3511,3609,27995,18492,22750,29745,1747,1211,23726,689,287,2321,154,1414,23444,21610,7137,957,6518,889,1304,4196,7374,23669,11765,20529,1553,1691,13734,18583,12260,7302,12094,4711,25641,3097,2966,2026,12438,9462,10932,10701,5263,10807,15051,9563,23871,18994,1513,3783,10754,9406,1513,6217,10684,1483,1620,51,2067,1927,2330,2879,62,7564,247
10,pumpkin,ACN:IPA:H2O (3:3:2) , fresh frozen,pumpkin_ACN:IPA:H2O (3:3:2) _ fresh frozen,2,P04,45,3165,1526,23478,1590,4508,11087,2782,73628,114,485,14771,13036,79967,1238,674,25,190587,4823,197,982,221,28938,646,517,2010,1514,22622,115662,753,1457,975,367019,155,1511,668,3218,2378,36760,2036,131,53,4190,3521,3774,3344,10210,114082,7044,861,865,2731,14841,9161,1708,160,1817,520,765,1249,475,10230,697,30715,1932,189927,330,595574,394,958,57644,276,502,7114,45846,1085,2388,8550,15891,6407,451,262711,555,343,1287,132,1150,12730,6071,50390,23113,3878,242953,15293,446266,1360,3113,12756,116,1484,185,320,997,1067548,111942,84410,8646,1021,84231,1017,567,122837,19507,124,1360,110,611,1275,31,385,108078,1263,26080,1580,1124,3975,17567,2304,1406,170,290,163,1299,168648,4252,136,200,2211,3447,103930,6029,1013,1185,1422,2931,80,649,1391,16668,423,274,68178,792,231,78,8048,107720,13122,87845,46425,38615,1314,76271,17475,20080,3176,10153,177,7126,39817,11583,29318,33710,43114,4109,305,31471,10242,45714,34211,830,31388,1486,1138,4918,5496,21700,17537,33550,27052,1707,1268,16281,937,268,3370,198,1421,24200,18,7708,1130,7042,924,1306,4265,10651,24021,12264,15395,2863,1600,12986,15774,14144,7582,13714,4582,24668,2739,3182,2096,14353,13304,15736,11891,5334,9996,14564,12252,6987,22404,1666,3910,10195,177,1666,10630,7834,1077,1380,17,2158,2745,551,1002,78,7402,240
11,pumpkin,ACN:IPA:H2O (3:3:2) , fresh frozen,pumpkin_ACN:IPA:H2O (3:3:2) _ fresh frozen,2,P05,129,4693,2563,23019,2560,4132,14541,2470,76462,124,711,17961,13851,83879,1529,559,34,214313,3521,153,601,427,32910,592,665,4503,1272,20198,125188,887,1898,870,453202,86,2462,737,2944,2200,34498,2635,155,76,4167,3587,4156,3431,7483,150978,11929,754,824,2505,15902,8172,1693,344,1625,24,1250,1612,716,9523,759,17596,3679,293373,453,318406,549,954,1864,150,1366,6314,48469,1617,2404,9636,14762,9379,1363,280363,736,427,1481,357,1262,10499,9362,9727,17428,3664,338225,23085,445502,2160,3462,9413,131,1353,233,466,1184,1150645,100338,35549,3239,1415,74980,763,673,68521,26421,171,4817,187,927,1178,134,312,122985,825,41149,2507,1929,5446,15547,1480,1673,185,312,406,1615,177412,5174,260,26,2319,2595,84186,4732,2443,890,1591,1235,262,573,1442,17525,496,258,26990,698,189,24,7427,190231,24416,185386,42117,64069,1595,100423,40910,8355,2361,9759,208,8599,34235,10262,35765,44774,52148,3902,331,43711,3525,39309,31210,370,32835,775,1087,4108,4168,31591,10504,32260,39262,1673,1276,25929,1330,419,2567,223,1672,27914,161,7955,1049,6754,270,474,4221,7784,27789,11845,22760,2994,1516,12628,26391,13368,18291,13592,5226,33149,3093,4276,2310,14273,11528,14268,9219,6242,11873,17153,15582,5762,20182,1720,4403,12423,242,1720,12333,7574,1653,1703,108,2116,1192,374,2011,87,6788,155
12,pumpkin,ACN:IPA:H2O (3:3:2) , fresh frozen,pumpkin_ACN:IPA:H2O (3:3:2) _ fresh frozen,2,P06,30,3624,2239,21346,1840,5397,9467,2648,64636,126,554,16249,11192,90633,1299,725,34,231355,5205,293,723,302,32925,510,522,2919,1346,3717,82977,508,1474,9660,423430,147,1088,544,3853,2385,37480,2411,93,57,4307,4148,3071,2981,9809,106780,5045,675,616,1765,15333,9391,1410,127,1582,28,685,1576,460,3486,762,27506,2053,122397,331,695917,599,1105,50298,255,705,6366,39275,1121,1559,9165,13707,7104,482,268547,514,375,1696,1476,862,10802,5680,51254,18847,3769,428665,14418,390430,1304,4353,16016,160,1372,224,301,923,996152,105460,93884,6675,1056,64649,1105,545,115364,1390,131,1338,71,652,1361,24,275,75531,1541,28078,1510,1540,2987,21520,2249,2034,143,255,186,1132,151471,3981,177,46,1744,2257,73865,6127,945,1540,1030,3294,276,907,459,16569,491,312,67417,801,312,106,6142,103472,13291,78342,42748,42434,602,75868,30147,38195,2196,8806,170,10661,36179,10741,32204,25807,48823,3666,319,29417,14954,48594,33781,600,32035,958,1090,5223,5069,20506,20387,30930,22730,1825,2843,17843,358,375,3326,216,1094,25562,317,7197,1033,6535,6986,1125,4155,11309,25701,12081,14488,2075,2250,12720,14561,14432,10844,12340,4704,24829,3126,3227,2166,13909,12332,11997,10646,5882,9436,15840,10041,3881,20180,1633,3979,11623,265,1633,8682,7250,1587,1530,61,2035,2441,766,2347,67,6671,235
13,pumpkin,MeOH:CHCl3:H2O (5:2:2) , fresh frozen,pumpkin_MeOH:CHCl3:H2O (5:2:2) _ fresh frozen,3,P07,28,2896,1336,15508,999,3206,5983,2734,46345,64,390,8696,7606,31893,648,540,24,284165,2138,231,407,229,24614,391,745,1270,1094,1960,117961,334,1110,661,257075,125,1340,2188,3737,1996,21621,2593,111,43,3066,2057,2581,2281,9331,95153,2407,528,881,810,6215,4646,1345,122,1045,851,923,826,252,3635,465,22663,1647,7661,305,671678,272,1241,55744,201,617,4594,38550,988,1394,4217,10896,5590,618,191218,337,131,1100,916,655,11457,3068,69724,13839,2200,149359,14818,258190,2167,2624,4620,100,869,136,491,645,779047,85835,111153,2250,1635,20730,898,301,92762,8355,65,1587,125,364,989,65,287,56932,1214,15912,1181,1030,2591,18563,1788,666,101,265,157,949,122999,4644,92,188,2050,3454,68482,5635,1251,1711,675,2118,151,705,759,10627,351,215,21989,513,175,144,6560,2613,11696,52926,29165,23024,871,42811,22661,7790,459,6955,127,3668,34238,8004,19087,18902,29467,3351,252,24808,31191,37411,19007,909,21821,360,753,3735,3834,18123,12705,19230,16945,1161,821,9683,525,145,1883,230,806,16600,316,4721,770,4850,800,404,3011,18760,16681,10753,10220,812,15475,13032,10477,8747,10460,8599,2979,14011,1994,2565,1212,8771,7822,9581,11289,3308,5055,9225,13731,4925,12788,1197,3413,7235,287,1197,7121,4779,10389,1263,22,1406,1430,415,1690,46,5428,166
14,pumpkin,MeOH:CHCl3:H2O (5:2:2) , fresh frozen,pumpkin_MeOH:CHCl3:H2O (5:2:2) _ fresh frozen,3,P08,70,1375,1248,13807,1099,2930,5382,2044,51492,104,447,9777,9228,46302,681,581,19,165210,2290,191,332,278,18476,371,700,2171,1029,14750,77576,282,939,626,277788,72,1747,2936,4024,1326,19731,2634,246,39,2969,2052,1760,2604,8547,105988,4298,598,584,1289,10168,6356,1224,148,1351,760,475,1043,175,1172,822,22355,1782,22989,333,766386,216,1045,53145,260,577,3945,27101,833,1243,5578,9605,7209,329,181646,492,162,948,85,319,8935,4535,54183,10710,1812,130527,10524,289233,3276,3801,4999,129,871,147,682,1024,784669,71024,119353,2117,2185,26262,1119,258,78063,7636,72,4865,128,448,705,58,241,67803,1988,19281,1554,127,1460,30560,1338,1174,129,189,88,704,148649,3426,182,186,1121,2879,50319,7893,623,1594,590,1766,100,360,372,11042,168,150,60661,618,127,144,5641,114414,7453,98007,32034,28836,932,47566,24006,11440,4393,5669,137,3128,21655,7129,19310,20730,28638,3132,225,25304,35578,23588,20002,2081,23545,1222,801,2961,2483,19835,10224,16988,20519,1441,842,14988,498,219,1886,165,702,17236,109,5152,837,3988,235,985,2696,20663,17353,7780,11414,1071,14698,14634,14479,10246,6631,8022,3784,15133,1981,2349,1394,9768,7512,10712,11036,3557,5668,10624,13203,3685,14556,1301,2626,8085,332,1301,6903,4287,9732,1226,167,1314,804,174,1369,72,4332,149
15,pumpkin,MeOH:CHCl3:H2O (5:2:2) , fresh frozen,pumpkin_MeOH:CHCl3:H2O (5:2:2) _ fresh frozen,3,P09,43,2231,1103,12863,1188,2286,4096,1637,42108,72,431,7113,8604,30151,595,345,17,359359,2497,176,167,351,24401,221,535,1124,967,12074,52525,65,719,2691,317431,154,1972,1683,2416,2668,15766,4411,235,33,2119,1545,4082,1946,9367,82462,8123,470,467,897,7499,4946,1316,269,966,640,900,1036,74,3013,832,22397,1264,63750,517,720017,228,913,31448,272,847,3889,20503,676,1909,5380,8930,5895,362,149820,379,230,889,625,536,6337,4075,43038,11004,2097,151168,6987,222313,2900,6280,4428,157,734,54,591,621,779976,140494,74558,1506,1885,20669,957,318,61558,6834,80,4101,151,3196,458,65,205,49232,1910,18586,1470,646,1936,24083,3016,1017,76,99,202,1424,129293,2561,158,62,742,2582,70175,7177,819,1360,901,1913,111,444,551,9190,288,246,45086,561,246,387,4786,97636,4684,60676,24230,27441,867,60367,16951,1705,511,4513,50,3857,14861,5521,18171,10097,24297,1608,265,26604,16412,13146,16478,2352,18452,514,605,2089,1650,21590,12238,8811,17905,1205,646,14476,553,79,1656,251,358,15352,108,4298,695,3760,300,435,2394,17576,15418,14711,10634,682,12853,13447,12132,7790,7319,6929,3013,19689,1818,1800,1003,7780,5520,7536,11767,2588,5741,8821,9827,8617,12010,1081,4613,7593,57,1081,6005,3072,8495,1009,88,1090,1173,230,1031,46,8764,138
16,pumpkin,MeOH:CHCl3:H2O (5:2:2) , fresh frozen,pumpkin_MeOH:CHCl3:H2O (5:2:2) _ fresh frozen,3,P10,139,2372,1294,16206,1956,2925,7178,1675,39299,124,428,8881,6986,21766,740,464,59,366957,2002,199,238,362,23746,315,696,1114,674,12284,87553,257,827,3006,356218,34,2582,1656,2397,3006,16110,2808,129,92,1974,1276,6092,2129,7993,106132,7401,510,900,1267,7470,5192,1381,103,1459,830,418,997,421,3613,613,42582,3578,115059,335,491569,272,1052,44961,207,1767,5282,43924,904,6596,5244,10391,5225,247,143870,510,239,1495,648,929,7370,4186,52548,18518,2550,136667,16335,280798,1996,2115,5253,129,1038,186,547,697,768269,79755,59882,2957,1705,22167,586,492,63283,6865,96,3426,102,815,886,21,387,71775,613,31231,1718,1448,4538,15493,1832,1437,121,145,331,2146,129232,4485,189,53,1652,3477,65782,4674,640,1027,3889,1718,270,705,443,10769,257,170,55863,725,118,171,5962,115428,3486,78002,28460,45486,1055,54439,25381,1220,1300,5246,96,3749,31647,7221,21698,31550,29706,1449,230,27083,11131,32240,18582,982,20121,615,646,2830,3400,21204,21000,15833,18201,1433,1687,20455,778,171,2025,171,1046,16415,236,5214,715,5070,9470,4471,3013,17192,16242,16552,15314,880,18777,11553,12278,9438,33999,8517,2996,16949,2259,1641,1362,9358,8726,9238,10346,3183,5237,9057,17406,7472,12190,1158,5888,7881,275,1158,12485,7786,13072,1121,160,1635,758,514,1393,25,8754,149
17,pumpkin,MeOH:CHCl3:H2O (5:2:2) , fresh frozen,pumpkin_MeOH:CHCl3:H2O (5:2:2) _ fresh frozen,3,P11,42,2792,1221,15792,1034,3362,5006,2353,39005,119,377,5093,7001,32607,668,619,37,319130,3468,200,414,146,21582,343,551,1143,960,17327,70823,791,776,606,241216,100,1804,1991,2797,2038,21744,2247,193,28,2880,1833,2725,2350,8467,90710,2905,538,696,1152,7777,4995,1339,116,1290,1340,455,627,282,3773,312,22332,1187,2786,326,692654,508,1364,43266,268,512,5002,32092,513,1556,4897,10323,6675,310,182938,265,209,2112,834,710,6741,3172,69702,13996,2530,90023,7216,267093,2494,3279,3730,135,953,85,475,829,745949,77375,180642,7507,1795,16155,1120,369,86394,5641,69,452,152,537,1260,46,205,98301,1793,10429,1031,654,2336,26778,1981,631,135,95,189,990,120267,3438,82,178,1867,4151,106849,10084,825,2046,759,1178,275,758,285,11265,361,282,82318,550,209,112,6317,70424,3991,39560,33327,15129,870,39325,18253,24811,1386,5075,87,3108,34766,7081,16790,29617,26536,3171,248,22824,58319,42983,18546,1142,19235,1585,596,2518,4424,17054,10397,34750,14146,1299,692,7700,649,140,3035,162,705,14136,399,5434,777,4399,715,806,2908,21848,13986,11251,8222,645,29117,11389,8765,9898,4446,9086,3005,12463,1921,1661,1337,9782,15644,9377,10383,2929,6106,9582,18813,14480,17120,1237,3098,6594,249,1237,13748,2821,20715,948,22,1427,1294,458,1267,44,7581,101
18,pumpkin,MeOH:CHCl3:H2O (5:2:2) , fresh frozen,pumpkin_MeOH:CHCl3:H2O (5:2:2) _ fresh frozen,3,P12,112,997,1679,13793,822,2884,5853,1729,40891,94,398,7845,8951,43503,710,611,23,281671,2333,131,349,377,17340,269,480,1626,596,12734,77349,286,1017,466,295977,188,1505,2117,2523,1819,19378,3378,134,29,2280,1772,3060,2139,7618,86900,5824,531,592,979,10325,6388,1203,208,1438,564,358,838,410,4629,762,45851,1990,69297,326,680667,230,864,36219,227,737,3919,29798,1241,1918,4952,9303,6112,294,161498,453,181,1032,547,881,7601,4220,51049,15728,2460,203248,13349,279039,2846,4547,8179,122,916,121,625,971,663493,83251,88466,1931,1917,47002,876,342,70121,10408,81,724,155,354,691,28,208,73970,1593,53048,1570,443,2379,25634,1785,225,82,136,188,1045,122451,2991,98,138,788,2748,53166,7071,689,1634,1126,2550,311,778,682,9923,310,219,55346,661,373,179,5324,105096,5988,80804,25758,88015,1145,56042,28365,32796,1419,5137,139,3876,23130,6505,19839,20443,31026,3041,220,22331,18572,24380,21367,470,23455,679,617,2810,2662,17124,38852,11314,16844,1178,1700,1077,487,178,1779,156,611,14378,200,4353,699,4390,253,895,2696,18270,14199,10266,12214,809,12682,19870,11019,7901,7535,7561,3211,17449,2133,2110,1270,7868,6376,7472,11512,3175,7801,9241,11966,2870,12581,1177,3231,6993,235,1177,4998,12153,8987,847,36,1400,735,549,1260,94,5449,153
19,pumpkin,MeOH:CHCl3:H2O (5:2:2) , lyophilized,pumpkin_MeOH:CHCl3:H2O (5:2:2) _ lyophilized,4,P19,60,3892,1397,14805,1786,3352,10853,1748,45024,105,392,9778,10683,31263,733,632,35,294888,2478,355,405,349,25017,268,575,1712,1041,17002,62957,311,1520,3999,327277,144,1841,1000,2611,2000,16946,3048,101,33,2769,1890,1794,2068,8844,101532,6573,974,679,1344,13702,7527,2298,209,1615,13,470,880,366,4092,474,22650,1860,113197,346,906373,460,745,20735,175,819,4132,59980,1319,1941,6754,10835,6425,327,184671,365,165,1483,829,674,6925,5214,23219,24574,2574,332993,10160,319227,1966,3332,11087,108,1006,149,405,721,784029,89348,84435,2257,1154,55198,727,423,69318,503,145,4931,159,373,701,71,250,68583,932,34501,1077,977,3348,13604,1534,1139,85,140,137,1094,138080,2603,589,164,1205,2314,60683,4647,786,1419,1042,4402,140,1092,1180,11538,407,230,61637,515,105,221,5747,71965,6725,58644,29671,54784,1073,75984,15789,24444,982,6710,66,7275,21496,6914,23872,28014,31037,3420,278,25118,19551,22099,22377,3203,20538,578,789,2894,2474,18424,14456,14103,19709,1403,843,21941,394,259,2284,248,685,17377,99,5325,640,4535,7703,660,3030,10250,17337,11476,11234,778,5444,16385,12782,9397,6955,9221,3464,24386,2583,2686,1418,9384,8017,9010,9096,3985,13656,10725,7623,6240,16839,1240,3516,8541,98,1240,6997,5481,3545,928,161,1523,1700,638,1358,5374,7257,172
20,pumpkin,MeOH:CHCl3:H2O (5:2:2) , lyophilized,pumpkin_MeOH:CHCl3:H2O (5:2:2) _ lyophilized,4,P20,98,3928,1956,17782,1497,4017,9169,2749,51618,114,492,8167,12092,36508,895,468,19,201017,3185,277,587,393,24214,325,790,2295,1373,19189,74052,294,1656,6604,299900,136,2098,1001,3514,1998,19269,3231,309,43,3357,2317,2549,2635,9363,99027,5595,1462,671,1554,13808,8716,2240,153,1994,371,415,773,409,5256,400,27376,1853,112510,344,842544,486,1069,23934,564,665,6189,57910,1113,1721,7415,12429,8003,212,209900,452,185,1785,996,721,7592,5848,24696,21122,2539,299869,10500,330388,2879,3020,7122,121,1007,147,557,881,771865,129618,93003,2456,1464,36932,883,421,72330,12151,100,13579,79,524,859,99,279,71366,1069,46719,1263,505,3789,15793,2628,1612,109,214,269,1094,162154,2896,563,63,1275,3435,99186,5439,860,2103,1209,6008,1916,4593,680,12019,238,208,71399,2127,151,38,5334,82829,6412,57226,30902,77455,1152,97204,28474,12343,1505,7012,103,4146,24286,6867,21600,29165,35282,2774,258,33558,21232,26817,25397,3375,23998,709,815,952,2767,25628,19722,15926,23794,1309,847,28173,294,204,2060,187,510,17092,17688,5747,748,4819,405,536,3007,10880,16932,11316,12994,1604,4471,18272,16101,10330,5333,10155,4184,31862,2214,3068,1486,10753,9686,8864,11230,4349,11772,12035,9527,12779,19068,1404,3295,8147,8483,1404,6800,8282,3133,1327,447,1626,1605,2146,2825,4917,8572,208
21,pumpkin,MeOH:CHCl3:H2O (5:2:2) , lyophilized,pumpkin_MeOH:CHCl3:H2O (5:2:2) _ lyophilized,4,P21,100,2559,1808,18316,2670,4115,12735,3307,49421,109,520,9110,13213,34445,1209,1302,45,202321,3371,159,890,370,29397,417,705,3723,1040,20241,93155,534,1823,4829,316231,368,2702,1043,3168,2108,18226,3499,400,39,4109,3142,2622,2772,10563,111348,9117,1309,700,2176,8339,2509,2696,248,1803,27,705,813,336,8085,304,17719,1987,150746,448,656559,402,1061,22595,145,578,5678,85077,1170,3004,7357,12186,7989,441,236536,569,222,2678,1428,849,8418,6945,22702,28618,2597,283091,10044,353734,3353,3767,3820,107,912,268,649,1058,807234,93541,74885,2668,1561,24711,695,677,82685,1563,1025,8700,130,617,1588,78,227,89874,875,39518,1229,830,5297,12008,1690,858,235,282,238,1461,188644,3001,608,259,1763,5053,130869,5159,1220,1768,1374,6698,1677,3783,442,12811,225,181,59350,2049,212,163,8698,87435,7148,78950,32420,65092,1270,107676,28406,24940,651,7521,147,4839,47138,6635,24188,43432,38275,4384,217,37756,14975,60393,26089,3965,24202,672,969,2682,5270,26166,17023,33855,31638,1415,1079,22073,394,132,1526,218,1167,17869,17302,5737,855,4791,844,546,3189,10391,17824,11157,13267,1170,3800,17777,20901,10525,3615,10287,4120,35647,2300,2203,1761,10414,15145,10706,10096,4395,10512,14898,16894,14376,20091,1407,3843,8693,9010,1407,9546,7798,2384,1253,159,1666,1912,1932,2592,5107,8667,190
22,pumpkin,MeOH:CHCl3:H2O (5:2:2) , lyophilized,pumpkin_MeOH:CHCl3:H2O (5:2:2) _ lyophilized,4,P22,82,2379,1673,10204,2563,1777,11467,1268,32821,68,853,23535,10039,29655,1032,737,45,354601,1987,158,197,357,21146,456,705,2646,1432,20366,47319,232,1428,3061,347834,190,1564,629,2644,2571,22280,2571,72,75,1644,2233,2553,2210,7152,65663,4529,806,396,1108,9789,6050,2027,138,810,19,578,697,309,5915,526,16149,1883,59415,553,851464,431,648,12998,176,1138,2812,60724,1934,2523,5284,7719,8725,264,175483,618,398,1413,1019,848,5947,4715,8142,20845,2752,260148,12844,121281,1364,2631,14948,208,1029,188,458,885,866578,464187,54693,2635,823,89394,805,610,64502,7734,123,785,132,472,818,98,241,72492,919,42675,1397,1652,3533,14318,6788,676,235,93,252,1874,71056,1934,131,225,740,1231,46555,6989,1125,4667,1124,1582,492,1554,932,15102,393,227,89564,551,89,111,4621,94964,2674,67699,45302,65612,1873,39592,30889,11735,3460,8179,173,7080,30122,8278,32819,40971,44947,884,156,41702,17081,33197,18694,924,13615,1127,432,4788,3532,30049,26916,13579,28457,1118,987,24455,175,83,1613,187,1144,18599,271,4999,347,7245,2799,1556,2862,21068,18542,14428,18010,953,4593,14393,19148,8982,15022,8902,2599,12103,2640,2341,1614,9021,10042,11808,10492,5645,8719,12243,9894,6038,20278,927,4610,8233,224,927,9873,9320,2897,868,33,1289,1063,937,1584,4244,7268,214
23,pumpkin,MeOH:CHCl3:H2O (5:2:2) , lyophilized,pumpkin_MeOH:CHCl3:H2O (5:2:2) _ lyophilized,4,P23,159,2745,1944,15417,2063,2716,12496,1642,41393,143,581,11601,14404,42125,828,968,19,371993,1992,224,512,453,32312,623,715,2349,1230,19577,109056,332,1598,684,290873,166,1378,867,3333,2565,20905,3200,108,27,2075,2697,2587,2067,10415,89553,4724,1365,642,1054,9283,5959,2287,62,1410,28,429,664,329,6636,649,17305,1265,20161,320,897285,289,830,16718,441,749,4318,50888,1347,2424,5772,10846,8015,287,190679,513,135,1867,765,885,7385,5122,14210,21727,3215,252460,15476,276704,1964,3630,11874,241,1216,149,445,819,823513,117998,123558,3100,914,75210,1293,289,63521,10601,117,5158,78,551,1244,50,385,70539,1408,55881,1143,1089,3290,20332,3171,1600,143,114,295,1582,98916,2791,173,218,1226,1651,60916,9854,1442,5216,837,2847,2232,5428,989,14631,497,348,82798,2535,267,142,9566,73446,4438,49012,43260,93778,2105,52385,32301,29660,1367,7203,195,5182,37958,8969,34116,36377,49293,5021,240,35320,35662,41188,23720,1619,21460,688,919,1941,4357,24549,28345,20457,24761,1695,950,30246,724,173,2069,208,841,17342,21780,6379,816,7274,1645,694,3603,20136,17135,13792,14645,1480,5923,20366,14676,10701,5940,10684,3717,16678,2647,2110,1788,10874,9254,13194,13320,5073,11810,15635,8300,18647,19402,1301,3633,9452,10404,1301,8181,12129,3798,1154,142,1937,985,2807,3317,5375,10292,164
24,pumpkin,MeOH:CHCl3:H2O (5:2:2) , lyophilized,pumpkin_MeOH:CHCl3:H2O (5:2:2) _ lyophilized,4,P24,86,4938,1077,11452,1900,2255,9079,2887,18234,51,683,16517,5297,9824,1181,828,21,236409,1596,83,230,259,19702,366,478,2660,374,15375,67738,308,774,544,378282,147,2086,624,3132,1976,16068,3152,55,63,2436,2203,2358,1768,6422,73611,3305,469,403,1230,14047,8835,1100,115,925,24,706,749,301,15648,567,10916,1585,28719,371,1001665,743,894,13648,128,860,3273,26288,1677,1292,3628,6630,6014,227,155350,560,241,894,1015,546,5565,4612,13966,10361,2528,404842,12847,161720,2233,2289,125168,746,890,209,511,325,590044,89908,98401,2777,1502,503523,800,518,50287,6818,112,13224,81,352,959,36,336,46928,735,37558,1464,933,13920,11633,1809,1578,209,57,166,1051,57263,2197,304,127,2510,2069,47317,5265,827,3985,1033,2037,155,1016,8479,15458,686,317,58973,492,89,117,4467,105663,2293,75724,48078,59372,1691,48310,12826,14044,1309,7222,100,46550,26108,7743,27999,40477,38911,607,132,24835,27279,41328,16715,1358,8494,710,783,6115,4135,17114,20241,14684,18484,846,1714,23159,184,71,1495,167,1716,18450,114,4068,319,7372,3682,626,2467,3200,18399,11396,14893,577,9713,11378,11694,6478,8664,7386,1798,15349,2256,3795,1536,6475,11929,9787,3525,5863,8122,10105,10219,10302,15230,602,3687,5826,156,602,6479,9441,6374,845,23,914,578,707,1281,4032,6688,419
25,tomatillo,100% MeOH , fresh frozen,tomatillo_100% MeOH _ fresh frozen,5,T13,1038,5104,203,25259,2186,9586,3350,106727,1085,1197,452,39772,9026,3558,1885,3265,19,251850,7911,249,81,2919,19247,2397,50,3633,4396,543,14681,316,369,16134,2702,17324,550,409,2995,2317,29502,6427,829,786,4620,994,4213,2538,5592,76599,3507,585,472,197,37581,9785,1098,50,389,1161,517,255,208,186656,39,2884,3004,1348,5335,314611,677,1503,1223,606,6030,10041,1662,580,2554,795,13696,3474,3524,552143,235,119,49,447,420,2298,1207,6542,8210,22154,7235,2560,93387,176,15125,109511,626,31826,259,27,906,613665,8096,225701,3996,74,895532,142,200,29130,8343,1395,101058,73,11872,1046,349,131,413363,343,1314,36733,7123,1288,639,529,2604,848,46,977,1291,15293,745,1349,1369,1988,3634,18267,7419,3943,669,738,443,841,4560,18682,644414,178746,116526,120411,90167,61322,33103,129594,21346,47762,308,73301,93,48045,3875,46116,41766,29147,28551,26433,62401,353,28549,33539,305,16861,49773,26353,424,56638,845,2066,4104,32904,18569,19693,31874,22363,350,426,274,1912,28846,24993,101,16917,10367,26044,16549,18243,9861,24167,23102,16892,29020,29067,53847,11293,882,9940,12974,1618,11825,720,3964,2119,11526,13621,12767,18031,1152,20135,7464,18639,11557,772,6696,243,5025,295,3960,108,19708,5450,7584,11724,7809,9485,7498,89,4027,177,9337,1408,5265,45358,6363,9593,14,6932,3291
26,tomatillo,100% MeOH , fresh frozen,tomatillo_100% MeOH _ fresh frozen,5,T14,184,5517,248,20169,1486,7665,3236,93127,977,1354,530,57874,7796,3220,2009,2865,5,189251,9052,160,17,964,15743,2040,43,3916,3964,402,8444,465,254,13919,2612,17990,458,447,2426,1888,22048,8630,700,914,4083,1107,2302,2502,6157,61599,6822,217,446,37,30725,8869,1538,61,359,903,690,359,231,153621,96,2391,3817,49258,4009,536553,681,1207,2221,114,3327,8821,1316,543,1415,771,12987,4995,3248,497531,268,222,95,530,382,1922,1931,7187,7123,22566,7839,2135,87571,188,17832,105149,675,27723,329,25,986,544284,7885,105359,3853,154,861277,183,261,23163,9458,1467,135932,181,12656,1079,474,372,557218,330,1087,36997,6405,700,2159,454,2065,754,39,828,1337,16374,601,2485,1381,2257,4141,12860,6160,3836,840,580,438,212,512,18404,575083,178244,119961,123458,87549,58154,57913,119280,21256,64344,386,67105,121,45256,1994,44273,32602,31193,28790,21637,90690,240,23977,31196,165,15928,42554,25803,511,37896,1573,1788,9192,27120,24416,17942,28834,16440,495,326,134,1737,25233,23608,24,15536,13937,23053,15781,23587,8422,266,21889,15715,22118,28173,23712,11033,1658,6168,10411,1536,9505,492,3293,1592,10569,12712,11096,14942,668,14524,6925,17526,10569,820,7255,126,7750,230,3514,42,2809,4948,6724,9012,7984,253,6835,107,3773,90,8796,2979,5737,42070,4058,8841,92,5264,2972
27,tomatillo,100% MeOH , fresh frozen,tomatillo_100% MeOH _ fresh frozen,5,T15,1353,3743,344,23182,2282,5655,6213,62280,2725,1322,589,59011,15070,3988,2382,2954,34,380687,10319,230,44,1212,19073,2434,22,5077,4773,972,31525,413,437,16477,6183,39643,620,516,3890,2759,34454,8756,983,1568,4868,794,3787,3386,7813,72203,4591,206,267,455,37479,5605,2015,49,477,1278,1124,322,351,254081,203,8700,3003,2492,6729,530160,492,1169,1901,176,5862,6500,1664,844,2209,1197,11021,3893,4852,642793,218,194,97,378,642,3314,1633,6122,10068,24194,11796,2220,87902,188,22064,52105,678,29334,379,79,1463,327839,16587,411525,4661,174,390395,988,236,38332,1834,956,141025,180,11209,1286,471,174,439631,353,1900,46006,6778,1468,1297,549,3073,2897,121,1085,1579,18148,730,2408,1387,1383,6817,39411,7946,4302,444,939,692,128,258,17602,671064,108552,72113,146833,102462,77367,49575,116371,26329,72184,2334,5927,171,62769,4835,49185,99171,43963,30023,27515,59845,260,32621,40907,114,17366,49180,25016,503,116265,278,2228,32812,44945,36440,15543,59845,19559,1247,369,188,2079,27599,18018,152,13967,28520,26851,16126,24657,6235,111,24472,16380,26432,71161,38255,14174,1505,4869,15745,1297,8986,777,2603,919,12841,14655,13255,18948,1431,19397,6950,19314,12664,258,7508,126,7855,227,3869,102,7517,11123,9191,10354,8091,217,9201,126,3344,793,8795,2144,7031,46150,4776,10621,47,7732,6372
28,tomatillo,100% MeOH , fresh frozen,tomatillo_100% MeOH _ fresh frozen,5,T16,84,8949,553,22281,2570,10156,3122,157375,4770,2087,457,43327,7156,7368,2330,5021,2552,216108,11337,236,44,493,24854,2001,217,5634,5135,448,11003,428,437,24490,18635,25275,802,448,1510,1788,14501,13558,278,513,5924,2296,3330,2698,7018,116710,7077,575,713,346,33516,11885,1483,155,365,1798,1006,219,368,395875,174,5779,4014,66433,3837,357582,1175,1865,5008,463,3030,10688,3730,489,2217,1396,12847,4459,2838,542582,262,181,154,1036,371,2704,3190,15157,6973,24110,19954,2172,100123,1019,17393,86705,557,29046,438,328,1369,575624,15215,51750,4033,650,588949,440,356,23294,11178,3123,135498,450,5288,1355,443,249,418867,227,1963,47433,8008,2112,3391,1266,2004,668,58,475,1036,35661,824,2191,1729,1373,9659,25684,5398,3695,985,790,1156,480,4039,19108,724851,294635,195844,126202,92343,114292,79900,176959,31399,60048,6506,120091,1732,47350,6782,39156,361874,26011,35661,36931,70067,2081,20655,25839,1694,21255,49298,68780,2797,12415,2992,4662,14934,66512,14404,27733,15849,20612,1933,1300,1115,3277,28912,46212,830,14819,11272,31409,14642,15873,8666,21376,22263,18264,27958,21451,4611,13393,1363,3298,9789,2216,11928,2000,5993,1615,12826,13378,13299,18164,2081,7301,10573,19663,12826,754,14970,357,9049,1021,6984,1419,3732,5096,6799,10531,5558,7557,6846,952,6021,901,9615,6054,5027,35067,8584,10989,137,6253,4726
29,tomatillo,100% MeOH , fresh frozen,tomatillo_100% MeOH _ fresh frozen,5,T17,1140,3425,303,15482,1971,3447,4310,60765,1510,1076,725,52479,4945,3736,2681,4237,24,243546,9169,129,36,856,15238,2155,48,4860,4853,7563,6510,545,474,25903,2055,35271,392,268,759,2235,15599,14768,135,397,3071,1587,2321,2551,5822,37956,5880,144,238,74,37127,19357,1505,35,315,1262,594,227,292,270948,166,4262,3972,46945,5280,576469,644,1297,1188,134,5973,4919,979,453,1028,1069,7813,4172,3668,580701,270,185,53,796,337,2083,1173,8010,8591,16724,8616,766,44756,234,17068,106415,538,26186,449,80,1125,646300,3236,90508,4361,167,613049,277,268,29619,8031,2767,146746,293,9684,1150,507,180,478575,241,1813,54028,6041,652,1156,236,1941,2437,60,600,1118,15989,420,2123,1793,1197,5429,8455,6700,4211,792,596,477,189,333,18695,593860,157839,105160,113327,105061,62699,53855,135408,30786,72734,247,72987,92,45665,2064,31000,35548,30589,21391,23844,54924,310,18875,33741,126,16740,59936,23154,385,32065,511,2245,25319,46663,12896,24981,40149,16389,828,353,100,1757,23812,11311,199,13914,21818,19801,13030,20163,7921,330,18532,14260,59535,24339,41104,8876,1576,4189,12373,1810,7840,413,2058,814,9281,11511,9478,13578,596,11874,12409,15771,9281,514,8429,77,9937,226,5726,141,5541,7517,8034,5232,7068,344,8168,108,3898,495,7182,2909,5156,907,5860,9635,26,5676,4385
30,tomatillo,100% MeOH , fresh frozen,tomatillo_100% MeOH _ fresh frozen,5,T18,1207,6654,310,16813,4318,4312,4118,65548,1743,1148,838,63117,5769,3951,2161,3491,38,206925,8586,162,42,1104,21270,2359,75,4343,5311,676,12773,405,411,24847,2007,54112,554,404,1080,2260,19443,13067,165,498,3268,1617,3402,2897,6303,45144,5261,166,236,319,32295,16627,1692,31,385,1508,763,248,104,373206,94,4650,3810,5789,5562,503740,617,1696,787,98,8670,5779,1935,516,3147,917,8379,3637,4615,532169,223,200,33,709,473,2261,1147,8476,8920,17237,7504,831,47530,200,19514,83976,602,21883,417,94,1236,705101,3615,232547,3491,163,537992,429,198,35776,8401,2170,124387,186,9802,1090,462,193,417922,270,2080,66714,726,870,584,334,2014,937,53,772,1365,14876,452,2620,1560,1201,5193,13620,7100,4048,610,1124,444,84,190,16552,597606,133503,87384,111994,106795,62708,57257,152097,36619,100049,1442,71663,57,48413,2989,27697,121964,40941,23789,29616,56961,208,25001,35936,82,15886,62760,19143,390,62369,892,2285,27853,63180,14008,26621,59520,17705,1122,390,108,1825,23429,29040,130,12887,15449,20776,12543,21003,8393,118,18639,14110,61249,23372,32066,9045,1609,7888,12275,1894,9773,463,2093,801,9055,12103,9399,13028,960,31108,11058,16459,9055,382,9026,205,4192,283,5732,23,10215,8773,8220,5988,6959,156,8144,106,3716,518,6775,2431,5459,421,5159,9580,59,5693,6132
31,tomatillo,ACN:IPA:H2O (3:3:2) , fresh frozen,tomatillo_ACN:IPA:H2O (3:3:2) _ fresh frozen,6,T01,515,4345,528,47554,6888,13367,5586,46772,2841,1740,571,69064,20985,14384,3109,2504,112,461374,19077,689,146,923,61307,2161,461,5624,5459,946,73429,809,528,15099,13320,31169,953,1109,14966,4652,46661,39710,300,841,8543,1343,6200,5245,14942,140886,13987,382,461,227,41268,5627,1659,77,764,75,1135,554,597,271592,633,8695,8116,84232,8502,626724,313,6277,3399,159,8234,18590,2062,946,5788,1498,26234,5648,7837,1172035,622,637,32,620,554,7120,3221,11180,18702,28287,12264,4843,132452,519,26725,48060,751,35579,620,178,2157,345774,17019,65755,5054,494,298864,380,395,74841,37058,1429,82995,298,19845,1749,483,509,621275,322,2425,67877,7788,3530,3601,695,3545,4167,71,674,2582,47148,2365,1899,1878,1468,4030,56090,7197,6526,642,1388,288,378,929,18395,873219,138970,102253,183038,135281,92847,83665,165006,39500,68935,1079,83770,39,72144,12030,79335,59890,81515,45193,38438,61511,337,72908,50438,197,25227,62931,33135,569,28429,1410,2927,24820,47107,27854,24270,21129,32463,901,245,92,3060,38253,27191,107,23034,32719,27783,19309,16927,15101,781,29412,21940,35974,38691,37448,15659,1479,14489,25680,3006,16592,1024,1910,2067,18796,17826,16723,21882,3906,26047,5511,25204,18796,247,8103,395,9266,556,6176,112,9451,10586,9779,13712,10273,863,9781,122,4749,127,11612,2217,6399,25860,6575,14667,345,11687,7041
32,tomatillo,ACN:IPA:H2O (3:3:2) , fresh frozen,tomatillo_ACN:IPA:H2O (3:3:2) _ fresh frozen,6,T02,84,7498,707,18938,2136,4304,2976,124218,1195,1488,351,60325,6322,7754,4616,3653,3638,441374,11984,214,123,665,24363,1572,143,6364,5563,210,4801,431,837,36564,2773,51093,1163,523,4362,1518,20922,66463,456,417,4028,2637,1697,6502,4554,124524,30917,114,369,527,41910,11759,1124,309,255,12,1112,243,229,380702,35,3245,20953,443467,2912,621081,713,1717,371,35,7489,5620,1007,494,1337,2342,8976,9728,3212,373097,639,230,43,1222,346,2639,3668,6199,5863,25789,10335,1809,90960,615,15998,76304,659,33525,807,174,3306,626112,7142,64785,5329,454,372900,667,400,18889,14568,4328,105690,1095,8800,1210,645,615,964937,197,897,47546,1273,2364,498,446,1839,828,34,472,1096,32214,637,2316,1971,1508,17514,27440,7669,5743,864,522,248,58,129,23647,617344,112573,72681,166103,110602,120551,98774,140297,25985,59737,676,75993,128,59700,7921,72072,18936,34622,44314,24994,38050,561,47984,34792,291,32736,49921,37567,576,15621,720,2694,16386,63589,18986,23611,102525,19443,643,236,116,2095,28938,20916,71,13134,8174,15638,15817,23004,10032,88,21642,17356,26452,28896,4188,12782,1821,10032,8614,1732,12953,610,2936,1400,11937,13737,12590,20334,2278,25117,10196,18516,11937,300,10377,161,13523,369,7798,94,3865,6791,7727,4777,7201,137,7641,77,4040,751,10382,6097,6080,17027,9582,21673,72,4067,10213
33,tomatillo,ACN:IPA:H2O (3:3:2) , fresh frozen,tomatillo_ACN:IPA:H2O (3:3:2) _ fresh frozen,6,T03,54,6334,793,18296,2097,6411,4298,157909,1316,1882,528,70332,10093,7559,4265,3481,343,164449,11105,312,168,669,25487,1977,230,7521,5836,621,24761,626,905,28578,5965,120994,774,665,6879,1863,27910,74158,829,297,5874,2008,3582,9121,5660,126007,17842,148,188,173,43284,9463,2153,153,423,14,899,256,217,601342,38,4404,15199,303793,3839,656032,789,2559,929,93,5892,5843,1507,489,1956,2191,10740,6638,5255,550184,733,379,105,930,447,3741,3264,7172,8533,28635,12426,3184,110087,743,16323,85409,760,35840,1049,217,4638,655685,26484,48617,5118,597,373017,817,496,29355,17768,2224,208377,973,7735,1430,781,413,603106,370,1956,57693,2402,2005,888,617,1851,107,20,213,1332,32518,1252,2683,2217,1866,15428,26715,6294,6932,800,704,493,239,501,25756,708035,167490,101083,181741,145523,156785,114085,187749,31943,139686,1191,77018,73,72894,6484,97822,40281,54930,41928,38074,50360,750,52496,44847,780,36361,56445,29992,621,18665,1196,2978,12500,95466,19889,21258,138790,26591,950,558,445,2659,34320,20029,99,18096,14553,22072,18078,21423,12749,177,25733,21592,22979,32923,2419,13607,2004,12332,10075,2014,15973,781,2452,1491,13980,15867,15911,20747,2101,19119,11057,22982,13980,417,10297,90,8505,396,8421,385,2217,12255,8786,7245,8766,231,8799,280,4502,704,10880,11805,6999,14991,11074,15188,34,4201,13914
34,tomatillo,ACN:IPA:H2O (3:3:2) , fresh frozen,tomatillo_ACN:IPA:H2O (3:3:2) _ fresh frozen,6,T04,34,5302,656,18776,2854,5975,3946,129461,1430,2301,355,49327,8518,7969,5062,3793,1846,183143,13664,235,190,2095,17585,2746,204,5868,5376,9601,7815,879,1024,29080,2796,35593,1089,343,5804,1821,22534,77831,344,271,5514,1882,3277,5396,6874,154304,29127,913,211,679,47118,11537,1569,311,317,29,953,327,665,450132,37,4213,12731,401158,4086,574237,944,2014,1664,594,3780,6267,1525,492,1845,1924,10484,8549,3417,505103,760,523,66,890,417,2757,5135,6824,6233,28483,11360,2447,102262,1285,14655,110784,550,40278,776,258,2585,420512,14849,42174,6060,813,653449,308,393,15800,14840,2463,128321,1142,6982,1378,692,422,917544,245,1722,50902,9748,3687,1535,580,1919,3285,27,259,978,37015,768,2355,2306,1881,17294,26103,6244,6948,1160,662,344,1709,3544,27220,725974,149145,101285,156110,118597,142471,117956,157968,28195,71338,301,70414,68,68319,12416,66036,55324,34086,40962,28294,45311,672,37143,34613,590,31974,52122,29738,496,8522,897,2970,13998,73447,13128,21426,85067,25493,416,493,280,2047,33694,19721,90,22217,15620,26041,17871,16656,9937,19505,26729,20175,30323,35096,3059,15470,1727,7879,10548,2175,15373,639,3781,1894,15885,13980,15642,22621,3779,8218,10457,21603,15643,581,9398,219,20389,328,6389,219,3358,9514,9239,6107,8335,7676,9249,209,4497,686,12396,8400,6625,13533,11432,29933,34,5480,8418
35,tomatillo,ACN:IPA:H2O (3:3:2) , fresh frozen,tomatillo_ACN:IPA:H2O (3:3:2) _ fresh frozen,6,T05,81,8006,1196,17281,1506,5586,3750,132650,1349,1585,375,54103,7360,9168,6593,4150,1280,247948,13396,299,227,646,11868,1811,224,7090,5138,177,6382,498,1097,42427,2591,49364,831,425,4404,1603,21828,66158,377,296,4998,3531,1733,8003,4246,121007,26354,151,204,227,42633,12099,1241,435,270,47,918,229,213,524626,70,3566,12466,418983,3911,353698,751,2037,926,85,5187,5663,1514,433,1332,2816,9661,10877,3900,545676,1121,477,68,1659,389,2738,3559,7993,6851,26613,10601,2538,113538,1079,17153,92275,658,34448,1028,247,3932,511247,14894,22559,5826,701,458084,1202,444,17452,17336,5878,153345,861,5224,1256,602,1087,1092297,316,1046,50983,2196,3318,984,446,1707,3066,28,282,1055,40360,705,2811,2557,1499,15372,28786,5821,7571,903,520,361,223,459,26841,628507,214237,139197,152205,117622,133619,92951,170778,28532,140678,1740,90705,107,62060,11113,75238,35953,38083,41287,31868,49353,858,42379,34783,810,34842,54276,28894,475,7622,1881,2785,10668,84758,11272,24735,92254,21580,1065,605,630,1869,29603,24450,76,19849,15951,21564,15258,16634,10224,319,24624,17664,22922,62971,3150,13112,2420,8860,9345,1304,14121,922,2802,670,13510,13582,13611,19395,3565,10567,10546,20091,13686,513,7252,94,11718,390,8934,533,1038,7752,8755,5088,6740,259,8765,376,4582,1436,10860,10147,6101,13245,9184,13660,44,4201,9599
36,tomatillo,ACN:IPA:H2O (3:3:2) , fresh frozen,tomatillo_ACN:IPA:H2O (3:3:2) _ fresh frozen,6,T06,192,4610,822,24354,1488,9641,3340,192074,2119,2686,456,71833,8348,9827,4393,6101,3335,177560,17952,364,192,2743,18801,1925,287,7857,7020,1508,5626,804,1125,28754,635,34593,1232,423,7385,2231,20541,106488,274,352,8391,2849,3382,7102,6579,147665,48103,211,630,668,54336,10112,1087,190,231,531,1366,231,280,436066,172,5932,14031,413140,5542,272579,669,3660,1528,140,5967,6984,1178,673,1960,2274,16560,13994,4593,571709,1147,627,63,1323,429,2126,5891,8228,5932,35666,10815,1835,111161,2005,25585,57578,719,44267,941,434,3541,293207,48074,13979,6099,1377,589518,1447,505,15695,21182,5362,101438,1204,1202,1641,833,798,1200747,205,785,78490,11185,5787,1053,278,2835,5369,68,302,1228,42488,647,2180,2526,1587,17269,15065,5223,5631,644,888,313,126,206,31648,771560,196266,136470,162957,117387,182787,114174,206910,43043,67242,1942,135182,167,67295,20279,62920,130920,51189,71866,44443,39807,862,46966,33100,304,36327,63238,49362,543,3993,1063,3081,21420,73352,26946,36883,9491,25369,946,283,205,2123,38419,48841,192,24072,11760,27260,17417,25141,10948,72,26627,23223,28926,30066,3521,15311,2458,10521,11694,2237,11760,870,2675,1004,15583,22764,15500,24630,6162,12801,11098,24078,15583,526,14384,84,6652,394,9354,238,1396,5603,8740,8326,8212,213,8658,163,6741,590,13979,8199,6220,29245,5994,12360,31,5087,5825
37,tomatillo,MeOH:CHCl3:H2O (5:2:2) , fresh frozen,tomatillo_MeOH:CHCl3:H2O (5:2:2) _ fresh frozen,7,T07,71,7212,424,27250,1520,11203,4982,176325,1987,2191,410,45696,8809,5053,3183,4895,1814,305102,10209,208,91,2990,28980,1550,1126,6583,6290,446,7797,522,811,21940,1325,23885,1834,665,11674,2673,9355,63760,429,152,7337,1820,3948,5720,8584,140822,45401,683,427,675,45445,10127,1142,209,490,2990,1021,174,194,484342,147,5915,8849,155994,6851,374624,1785,5474,1250,926,9099,10241,3634,942,5262,1324,16263,7744,5221,726170,671,538,73,871,892,2096,3830,8205,7435,29716,7891,2818,111220,1340,25189,70857,842,39508,687,303,2657,349085,19199,31284,5849,837,837019,336,393,18793,11379,2818,143120,830,6203,1463,660,348,824827,305,1433,63750,10404,960,799,580,3668,4067,60,223,1467,41361,955,2794,2077,1725,16982,20995,7866,5853,621,1659,746,656,5685,24902,869041,466603,292995,159213,113188,147159,120207,182519,36028,74411,494,104888,60,76314,2812,82330,24356,51159,48969,62202,76573,632,36387,38021,253,26842,61816,43736,469,7740,836,2648,20251,79546,25657,26729,71523,28030,418,475,89,2232,38473,10355,138,21953,14490,30788,17612,24030,11315,30210,26091,22278,31878,32837,2985,14176,1816,10831,15682,2711,16709,8314,3022,2409,15902,17716,15434,21387,799,16570,12305,23698,15902,600,11370,257,13017,247,6082,208,6439,6474,9064,11659,8114,10912,9070,106,5552,5121,11087,9329,6686,49536,9786,14874,67,8477,7387
38,tomatillo,MeOH:CHCl3:H2O (5:2:2) , fresh frozen,tomatillo_MeOH:CHCl3:H2O (5:2:2) _ fresh frozen,7,T08,1133,10712,604,22651,1416,10696,4489,191038,1662,1320,427,43835,7751,4787,2724,5650,1450,91345,8458,314,60,2743,21413,1078,1099,4717,4751,191,5269,448,807,16744,493,54439,1189,662,12428,2201,8962,74926,304,544,6046,1161,2301,6179,6145,104549,29684,112,967,161,28546,12694,1274,79,382,2902,833,256,188,405826,74,4605,10075,291795,4523,429762,1590,4845,911,106,7377,9590,881,641,844,1384,15782,15590,4548,579102,535,352,18,44,437,2794,2794,7265,8494,25422,12449,2314,158610,1255,18423,110512,569,31781,725,329,3208,284414,21465,24224,5247,660,908194,762,451,18992,9965,1039,119613,563,4271,1186,579,736,1110458,203,1282,61115,6626,1095,1127,511,2581,3117,45,465,1300,39632,761,1443,1585,1931,12053,16900,9968,3628,1076,650,537,154,355,23896,610055,189397,132427,132345,83170,115069,89341,114743,33675,58306,796,69301,28,55616,3622,103937,30400,54734,40572,32062,39635,504,35496,31748,217,33502,42135,28472,537,11605,443,2479,23012,69181,27001,17210,57368,20096,381,142,131,1354,24935,25145,76,11552,11814,17973,13028,21798,7666,334,20739,14920,23770,26002,1905,12658,1661,16149,12534,2439,10664,3851,1912,1653,12165,14433,11615,19204,990,18692,11883,15278,12165,879,8650,99,11197,256,6303,374,2752,6686,6978,4593,6698,378,6952,137,3701,1909,9553,8799,5311,43829,5390,9648,104,5171,5939
39,tomatillo,MeOH:CHCl3:H2O (5:2:2) , fresh frozen,tomatillo_MeOH:CHCl3:H2O (5:2:2) _ fresh frozen,7,T09,597,4989,651,21490,1596,12539,4967,182536,1284,1007,359,34055,8026,3986,1927,4724,531,253272,6228,281,42,658,24801,1394,1166,5284,4553,311,13695,569,763,13929,684,65153,781,758,13839,1731,9135,57295,457,406,5478,858,2521,5819,6928,104805,13914,129,724,444,40747,11734,1386,68,448,1877,848,241,885,485396,66,4017,5328,138768,4347,607817,903,5439,780,97,7021,11568,2273,498,2810,1344,14231,10029,4485,502750,544,209,13,385,412,3567,1996,7043,8322,23532,10127,2605,140401,1107,16977,157150,633,26695,655,288,3194,362024,13500,68533,4409,787,886903,333,429,22174,8049,725,89848,320,6928,952,513,359,904445,209,1239,42987,1608,987,725,434,1913,2793,56,200,973,38313,893,1212,1255,1843,9324,19550,10850,3240,1206,1094,474,115,143,19153,569257,178734,125445,118020,75431,99360,72226,98800,24182,53918,433,53163,50,53109,3209,96852,16685,44244,32375,39981,39931,321,40836,30829,208,30775,39262,22890,321,24119,689,2455,22463,79760,20968,13808,75371,17204,279,286,140,1220,20567,19770,177,8665,14630,16788,11094,18621,6889,69,17000,12248,18571,22825,2740,10835,1287,6647,10041,1845,8530,3636,1543,1914,10398,13328,10194,16633,953,15590,11016,13805,10398,1101,7448,101,6531,321,5502,271,6888,7247,6522,6062,5320,108,6565,108,2848,1505,7703,4705,5044,42360,4895,9204,34,4897,7789
40,tomatillo,MeOH:CHCl3:H2O (5:2:2) , fresh frozen,tomatillo_MeOH:CHCl3:H2O (5:2:2) _ fresh frozen,7,T10,163,5243,376,27722,3562,13582,6465,104641,1357,1536,339,35419,9326,3696,2467,2975,33,613240,6511,128,171,747,46523,1737,1429,3696,4320,4609,13995,497,406,24795,2335,9415,858,1119,13810,3740,7966,68180,382,198,7879,2046,4420,2973,12683,133492,20529,808,825,122,30873,7456,1590,758,712,2217,693,284,428,141658,107,2706,4999,59857,5279,576611,369,7399,2030,966,3347,16898,2285,864,2899,1142,19370,8741,4306,925812,732,393,59,942,532,2914,2219,7434,12785,20169,6511,3014,127664,771,21507,38453,714,29599,584,315,1303,454775,7627,99655,4129,476,364051,504,239,28797,6068,2958,121465,284,19869,1106,486,549,1049636,322,1208,46970,7278,966,819,588,3025,3529,87,361,1777,43052,1207,2130,1878,1386,13230,18538,14401,5219,311,938,543,4170,9193,15165,611127,184350,128046,124061,113782,59275,62177,191760,27283,38733,1386,94329,59,39510,1850,77214,18964,35123,29607,26308,76348,310,27770,32166,267,20303,66761,27811,510,31783,597,1633,13686,23935,19231,29527,9777,22174,845,452,135,2624,34099,33888,78,22108,14892,25040,18540,18456,11541,38294,24512,20314,28689,28737,40738,12702,1640,11541,22345,1618,12681,6352,1815,791,12129,15035,12648,15378,647,9569,6750,21824,12133,345,9141,332,19183,360,4756,230,20069,4621,7562,13150,8852,14920,7538,59,5260,3620,9901,3321,5912,40889,9134,11851,50,13500,2697
41,tomatillo,MeOH:CHCl3:H2O (5:2:2) , fresh frozen,tomatillo_MeOH:CHCl3:H2O (5:2:2) _ fresh frozen,7,T11,1198,4266,427,20396,1030,10673,5598,171916,3714,1969,484,37187,8618,7291,2515,4733,10149,420833,4969,277,81,2626,32066,1001,2285,7558,6740,1037,18980,703,999,17175,2909,291627,1423,513,14720,2083,10382,32272,320,290,7505,1087,1889,9516,8237,164418,10768,558,440,537,37987,15395,3900,640,292,4891,1512,357,1516,1275034,177,12218,5959,91548,6884,80556,939,5029,1846,713,3910,5748,1286,744,1491,1348,10911,4368,5955,643558,738,374,29,503,437,1785,5721,11283,8984,23746,9710,2576,64960,3913,21297,145198,756,32363,800,712,5360,401919,33389,4525,3975,2063,580300,819,429,18477,10912,1182,185609,865,479,1555,530,178,323691,293,913,69869,3100,1488,1352,530,3088,3362,56,409,1134,40916,734,1924,1505,1229,13058,24445,1339,3445,1374,503,989,810,5891,21350,763428,406516,257117,142429,72269,165642,72090,84087,38275,58213,1078,71428,43,76592,5005,83880,24221,62959,64205,64713,47103,555,39768,42602,249,31033,37005,54666,574,30469,927,3077,31127,149204,16356,12402,126592,23262,706,290,81,2064,24787,20689,106,11291,8144,27004,16017,20723,10782,25826,19729,14236,28128,33250,1529,13872,1662,10782,11477,2547,19763,9212,2850,1905,13002,15216,13355,17797,1441,9178,13044,19061,13002,432,11009,199,12180,347,7260,155,1754,8835,6426,12068,8224,8219,6273,95,3651,4939,9084,18143,5074,72993,217,12151,46,7701,13069
42,tomatillo,MeOH:CHCl3:H2O (5:2:2) , fresh frozen,tomatillo_MeOH:CHCl3:H2O (5:2:2) _ fresh frozen,7,T12,1111,5162,531,19591,2372,5606,4320,56044,4088,2103,446,61391,11998,5463,3271,4231,68,118117,14604,282,88,1039,34699,1688,1756,5050,5203,480,12495,603,592,16378,5891,41657,1017,1304,21943,3406,17521,95185,910,430,5790,1120,3180,5100,11226,120214,20543,376,223,551,32637,8729,1925,876,414,2890,1051,453,480,169907,270,12925,5273,148812,5797,1111413,470,3321,1859,117,5611,5861,1662,858,1860,1666,10181,11227,5606,678619,508,428,17,556,579,4559,3502,6114,13925,28988,14333,2295,139620,1482,26746,34212,722,35608,575,351,2394,221951,15887,166180,5542,835,332846,925,332,39881,12434,1428,149974,504,12758,1506,572,714,1212744,327,1274,62988,7706,951,2660,548,3431,3906,51,388,1710,50123,924,2601,1408,1203,14421,28653,15280,4829,413,783,908,56,212,19430,780996,199159,145561,168727,117651,67845,129364,131756,35367,48037,2070,80773,88,66608,2982,89023,51965,51104,37655,25945,63587,508,57187,42796,325,23463,55153,33677,666,51480,1710,2060,30607,29681,32957,22279,47145,6515,1293,323,333,2451,33813,27481,159,18487,25200,26375,20888,24372,12304,69,29638,20219,30349,39208,2918,14571,1841,5321,18720,1797,11085,9921,2876,1007,15273,17325,14995,20993,869,13977,8022,19752,15273,315,9791,143,5070,383,4357,716,5157,10631,9417,8389,10272,137,9664,187,4501,5323,11194,6744,7996,56261,5382,12799,41,7965,4977
43,tomatillo,MeOH:CHCl3:H2O (5:2:2) , lyophilized,tomatillo_MeOH:CHCl3:H2O (5:2:2) _ lyophilized,8,T19,1079,4184,938,15760,3714,4098,4501,109215,1499,2006,644,62776,4958,6731,4113,6131,37,256461,9380,128,32,910,21402,1935,362,6009,6235,516,4831,492,901,38084,2862,41444,857,837,5087,2775,8493,39631,287,175,3817,3223,2894,5239,7198,65445,22233,249,255,191,52417,30134,1722,87,400,41,952,211,550,316510,116,3943,7360,133164,7013,405377,911,2857,212,138,9007,4266,1255,595,1690,1900,8938,6562,4873,668389,763,606,63,1409,506,2519,1858,9195,9864,21442,12184,801,45322,503,25299,135297,829,28387,1026,176,2419,889080,8274,46577,6152,311,789831,190,450,11494,15575,5818,221490,582,9792,1336,790,262,749631,313,2299,83322,7079,621,1481,441,2192,968,68,255,1628,23983,482,4140,2655,1286,8382,10489,8571,6287,1069,665,951,268,630,24200,710535,461689,272113,139846,155323,86291,122541,173453,46555,39555,707,108278,22,55461,1487,77582,82029,42044,27737,36201,98681,478,22314,43140,367,33485,72393,42374,462,25811,1050,2580,17119,54229,23922,37909,48145,20117,606,514,96,2182,29936,29770,127,17425,21135,16966,18251,35139,7291,287,24499,17529,78224,29766,6162,11693,1745,2444,15227,3523,12730,1092,2029,2104,11996,15842,11937,16197,508,20588,18721,21371,11996,582,8784,1021,12564,219,10650,112,2248,8860,10095,5626,7861,420,9970,77,5138,631,8747,8681,5370,14216,9044,13330,12567,6017,5233
44,tomatillo,MeOH:CHCl3:H2O (5:2:2) , lyophilized,tomatillo_MeOH:CHCl3:H2O (5:2:2) _ lyophilized,8,T20,160,8892,1252,15566,3254,3792,3403,111692,1347,1771,729,57739,4922,8747,3379,5161,371,292236,7972,124,50,1008,18893,1623,438,5918,6618,294,7319,428,1099,44722,3840,44765,656,969,4589,2119,6550,43668,257,55,2837,3672,2383,6927,5719,65337,19079,113,185,477,47478,27318,1487,498,377,347,1162,275,308,344899,104,3132,6574,84096,5126,590701,1131,3553,759,71,7960,4302,821,409,1528,2555,7781,6928,4046,508733,1008,388,62,1710,446,3439,1401,9117,10087,21115,9646,839,53437,598,24261,167315,768,25125,1228,197,3694,939731,7591,103529,4871,425,763452,371,506,10187,13897,6850,131217,331,10939,1167,733,379,687970,272,2316,75191,6322,621,1025,329,1690,2968,54,136,1168,29096,503,2048,2136,1241,10371,14416,12925,5188,1239,676,778,76,165,26248,633676,259207,160308,124378,129498,83139,97759,188367,40677,41071,742,101800,131,48077,1916,80523,96142,34599,27973,28403,56819,423,18336,32894,180,38109,74190,43465,412,36948,1249,2847,32519,58770,16431,40789,44248,19880,788,284,149,2024,27614,46853,165,16239,19464,18653,13303,24608,8788,99,21126,16007,73960,25044,4573,10034,1777,8497,11183,2796,9105,792,1401,1258,11258,14316,10928,15834,567,21757,17646,16261,11258,671,9980,725,7499,230,13405,201,3872,6756,8669,4429,5389,230,8607,99,5155,513,8239,5450,4567,19075,6849,11294,9501,5129,4694
45,tomatillo,MeOH:CHCl3:H2O (5:2:2) , lyophilized,tomatillo_MeOH:CHCl3:H2O (5:2:2) _ lyophilized,8,T21,108,8436,1019,15562,2687,4019,3828,104479,1262,1850,715,49649,5696,8704,3494,4727,11,210313,11247,164,18,648,14630,1619,638,6313,6278,7703,11008,277,1002,45005,2919,44498,639,935,5748,1930,5865,52115,188,128,3234,3661,3949,6431,5299,71602,12686,158,266,161,46908,28966,1401,63,358,482,1247,271,763,370258,104,3081,5331,97249,4923,632999,720,4148,1076,72,5783,4070,1139,332,1522,2561,8333,7132,3893,515297,839,454,51,1688,435,3419,1419,11659,10660,18893,9239,1121,65310,658,19532,182365,694,25503,1180,169,3365,842530,8982,88737,4372,412,835824,670,473,10644,14633,7230,205865,367,9728,1327,774,606,640768,366,1894,59804,6382,771,953,433,1354,726,36,246,1569,29645,576,3153,2215,1266,7973,15673,9926,5143,1276,899,924,204,497,26601,629409,265271,146969,112283,119839,80877,92385,181802,33401,100233,1152,69519,52,46195,2103,74183,117068,29401,24365,28979,67745,345,19328,30462,48,34879,66060,27635,373,35276,1282,2575,14801,62253,13045,36117,46120,9055,1079,504,116,1787,25701,56608,127,15980,15724,22445,13586,19545,7988,184,19324,15669,72467,56002,5976,10200,2394,3414,11247,1646,8610,670,1148,608,10329,13494,9927,14478,641,13333,17996,12709,10329,819,11036,811,3663,168,12806,215,3546,7750,9052,4832,4738,269,8970,65,5086,1033,7603,6911,4618,15290,6108,9694,9563,4596,4875
46,tomatillo,MeOH:CHCl3:H2O (5:2:2) , lyophilized,tomatillo_MeOH:CHCl3:H2O (5:2:2) _ lyophilized,8,T22,138,3890,535,23172,3188,5495,3900,60196,2904,1980,423,47885,16090,8480,2939,4170,96,353704,13799,195,46,890,23282,1507,1150,4900,5620,574,24034,453,595,19438,11027,41343,850,2091,18831,2356,10375,37256,1002,248,5448,1185,3517,5063,7635,127131,11407,230,255,573,47296,9482,1596,46,554,544,826,317,613,213982,181,9200,3894,47295,5767,880793,494,2801,182,181,5606,6724,2196,675,2391,1847,10432,8433,4717,585534,630,264,76,580,615,4559,1969,5646,9814,30787,15662,2095,140086,717,26302,48038,759,36453,719,182,2491,386583,15205,324468,5415,430,537027,1015,379,15169,1575,1336,170665,283,15054,1406,478,592,912000,219,1272,54224,8296,1018,939,553,2764,1102,76,196,1598,46522,938,2032,1472,1461,10208,39006,15391,4838,390,901,1174,111,218,21373,746733,207180,146894,158629,114610,77047,95416,120909,30320,69442,1219,73184,44,68171,3071,94188,89975,41060,37414,26864,66170,221,34140,40615,67,27791,59370,27739,575,98220,849,2529,41771,38316,36748,19637,15942,20452,982,296,85,2156,31226,23823,97,18258,28735,32072,19932,27423,10876,136,27338,18640,63391,36316,5142,14483,1945,10876,13203,1841,10184,1584,1339,1331,14341,17407,13834,23019,915,13924,8888,19590,14341,350,8183,640,15387,308,5298,124,5031,11284,9744,7886,8834,239,9820,60,3952,759,10932,4260,7646,12400,4492,11709,7845,5685,5362
47,tomatillo,MeOH:CHCl3:H2O (5:2:2) , lyophilized,tomatillo_MeOH:CHCl3:H2O (5:2:2) _ lyophilized,8,T23,215,4657,512,48117,4503,13997,7028,55189,2337,3243,485,59400,21722,7503,3349,3521,246,398960,11347,163,62,962,21257,1755,1543,6171,7129,774,58118,788,571,17231,8787,30581,923,2214,21476,2325,10170,38305,1074,257,9532,1595,1939,5048,8416,174797,14407,165,243,822,53458,6901,1496,119,900,445,1297,431,365,251634,59,6938,4992,40743,7854,761656,621,7565,1759,99,7539,17858,2143,711,2915,1527,25914,7145,5986,682807,887,298,114,819,540,5089,2473,9199,9644,37920,12951,5428,165464,570,31011,52879,894,45916,622,206,2334,332853,16374,225480,5679,425,496691,985,354,17238,835,1885,170258,445,22938,1800,757,567,783679,453,1479,62906,13086,754,1655,662,2818,247,445,214,1697,50895,2354,2235,2027,1707,10356,49256,13396,6958,482,702,1139,164,219,26956,901678,301831,209426,220488,157370,98302,130902,194872,35306,80932,637,115174,62,83840,2467,92764,76120,48324,51137,35078,88839,466,42113,46740,294,26014,90213,36327,659,74692,2109,3089,46175,44524,38915,30569,18253,33663,746,599,291,2999,42789,27919,131,31006,29677,44213,25425,27576,14647,122,36563,26342,90226,46890,6034,18060,1856,14231,13573,2558,14377,1983,1408,2313,19641,23927,20256,26179,726,17560,7288,27263,19641,346,10306,893,13126,420,4982,263,3916,11365,11669,10413,11210,223,11654,237,6210,988,13678,5751,10081,28957,5515,15977,9638,6450,5826
48,tomatillo,MeOH:CHCl3:H2O (5:2:2) , lyophilized,tomatillo_MeOH:CHCl3:H2O (5:2:2) _ lyophilized,8,T24,1464,7715,895,31124,1960,10214,6918,154946,2142,2885,638,66124,10557,7599,3182,5765,3682,178862,9189,235,85,675,22128,2198,1132,8168,8257,451,13750,719,1064,35073,5116,77673,1101,1119,11682,1737,6456,75995,491,189,7040,2866,2357,9166,8014,164507,26450,219,870,528,55052,16430,1798,388,600,1082,1293,276,456,587677,198,4572,7143,108611,7019,384566,637,5909,1804,129,5848,11889,1125,469,1953,2273,17811,6926,4833,593990,1040,497,91,2,347,3134,4209,10879,9027,126345,9225,2474,117412,1126,29136,65147,922,52312,1205,237,4646,655351,18765,45238,5448,554,593841,1349,481,10141,15475,4189,190533,1289,7349,1824,785,591,628122,373,1415,86114,10679,560,2614,574,1975,5048,30,296,1141,46565,1143,5617,2658,1532,17727,32454,9265,6326,765,757,1112,95,160,28336,864303,522865,371663,190158,180395,168318,105860,315952,47079,65969,2602,70209,79,74498,1623,86304,54158,42077,53336,70780,105186,676,37114,35964,360,34912,96275,65344,570,19387,1468,3783,50592,95283,18805,62235,75959,32785,1323,309,225,2393,46084,54211,82,25619,31358,41382,26284,27063,11269,78,28373,27722,108184,35285,3789,15783,2499,10369,9981,2196,27364,1735,1255,872,15895,23342,16370,25488,484,12453,11468,28849,15895,496,21224,612,13055,415,12233,217,1363,8819,10747,10174,7312,168,10734,214,7861,819,13468,17800,7963,35573,7387,41051,7269,4999,7719
